<?xml version="1.0" encoding="UTF-8"?><?xml-stylesheet type='text/xsl' href='_UpgradeReport_Files/UpgradeReport.xslt'?><UpgradeLog>
<Properties><Property Name="Solution" Value="Project">
</Property><Property Name="Solution File" Value="C:\Others\FCIS work\Assembly 2012\Assembly\Labs\Lab2\Add &amp; Sub\Project.sln">
</Property><Property Name="Date" Value="29 سبتمبر, 2012">
</Property><Property Name="Time" Value="18:23 م">
</Property></Properties><Event ErrorLevel="0" Project="Project" Source="Project.vcproj" Description="Converting project file 'C:\Others\FCIS work\Assembly 2012\Assembly\Labs\Lab2\Add &amp; Sub\Project.vcproj'.">
</Event><Event ErrorLevel="1" Project="Project" Source="Project.vcproj" Description="This application has been updated to include settings related to the User Account Control (UAC) feature of Windows Vista. By default, when run on Windows Vista with UAC enabled, this application is marked to run with the same privileges as the process that launched it. This marking also disables the application from running with virtualization. You can change UAC related settings from the Property Pages of the project.">
</Event><Event ErrorLevel="1" Project="Project" Source="Project.vcproj" Description="VCWebServiceProxyGeneratorTool is no longer supported. The tool has been removed from your project settings.">
</Event><Event ErrorLevel="0" Project="Project" Source="Project.vcproj" Description="Web deployment to the local IIS server is no longer supported. The Web Deployment build tool has been removed from your project settings.">
</Event><Event ErrorLevel="0" Project="Project" Source="Project.vcproj" Description="Done converting to new project file 'C:\Others\FCIS work\Assembly 2012\Assembly\Labs\Lab2\Add &amp; Sub\Project.vcxproj'.">
</Event><Event ErrorLevel="3" Project="Project" Source="Project.vcproj" Description="Converted">
</Event><Event ErrorLevel="0" Project="" Source="Project.sln" Description="Solution converted successfully">
</Event><Event ErrorLevel="3" Project="" Source="Project.sln" Description="Converted">
</Event></UpgradeLog>